meanfreq,sd,median,Q25,Q75,IQR,kurt,sp.ent,sfm,centroid,meanfun,minfun,maxfun,meandom,mindom,maxdom,dfrange,modindx,label
[3053.39069417],0.101428375,0.33398998,0.11187334544956684,0.6219368577003479,0.5100635122507811,-0.8622827,0.0012139587,0.0012139587,3045.325055268493,-11.537777,-457.14902,213.07199,-11.537777,-457.14902,213.07199,670.221,-11.537777,female
[3048.98737613],0.08864972,0.39628643,0.1559017449617386,0.6799325048923492,0.5240307599306107,-1.0306734,0.00085618836,0.00085618836,2654.1103658801467,-10.373816,-458.43488,223.0571,-10.373816,-458.43488,223.0571,681.49194,-10.373816,female
[2945.29693808],0.10315224,0.35306454,0.1347651295363903,0.6358098685741425,0.5010447390377522,-0.86850166,0.0012365622,0.0012365622,2743.232671233991,-11.670854,-460.56644,230.10867,-11.670854,-460.56644,230.10867,690.6751,-11.670854,female
[2836.18145184],0.113500625,0.33547893,0.12715521454811096,0.6319635063409805,0.5048082917928696,-0.8878992,0.0009939923,0.0009939923,2741.5817419315586,-10.191662,-434.73764,223.63165,-10.191662,-434.73764,223.63165,658.36926,-10.191662,female
[3399.80672327],0.1082339,0.45171806,0.21473614498972893,0.6955629885196686,0.48082684352993965,-1.0249257,0.0013812061,0.0013812061,3546.7594906057548,-10.1713915,-379.14352,241.8491,-10.1713915,-379.14352,241.8491,620.9926,-10.1713915,female
[3051.53460494],0.09233951,0.38041115,0.17917407676577568,0.6527477353811264,0.4735736586153507,-0.78513575,0.0010298507,0.0010298507,2936.4842071460394,-10.051907,-420.01755,220.09416,-10.051907,-420.01755,220.09416,640.1117,-10.051907,female
[3039.37093572],0.12111965,0.33988333,0.13678986206650734,0.6253767311573029,0.4885868690907955,-0.8082607,0.0014974689,0.0014974689,3428.924181071713,-9.601063,-378.89304,211.05743,-9.601063,-378.89304,211.05743,589.95044,-9.601063,female
[3059.41062],0.11256678,0.34858572,0.13507140055298805,0.6424433887004852,0.5073719881474972,-0.88094926,0.0013055464,0.0013055464,3188.952104054704,-11.116986,-428.14355,237.42879,-11.116986,-428.14355,237.42879,665.5723,-11.116986,female
[3125.47827943],0.09761166,0.36046135,0.15252195298671722,0.6512088924646378,0.49868693947792053,-0.89827937,0.0011650672,0.0011650672,3207.315209273913,-9.415362,-394.64798,214.81491,-9.415362,-394.64798,214.81491,609.4629,-9.415362,female
[2964.23158195],0.11135836,0.37043458,0.14645002409815788,0.6376945823431015,0.4912445582449436,-0.86783004,0.0010081922,0.0010081922,3074.8046979491896,-8.967942,-436.07278,223.4036,-8.967942,-436.07278,223.4036,659.4764,-8.967942,female
[2966.99461042],0.12320879,0.34579396,0.1181742325425148,0.6583054065704346,0.5401311740279198,-1.0001949,0.0008182032,0.0008182032,2842.034744734179,-8.765834,-435.88925,229.77153,-8.765834,-435.88925,229.77153,665.66077,-8.765834,female
[3379.44141188],0.09039053,0.4242288,0.2004036381840706,0.6973805129528046,0.496976874768734,-0.96402174,0.0019942273,0.0019942273,3459.7564260680465,-10.630641,-443.57343,227.57362,-10.630641,-443.57343,227.57362,671.14703,-10.630641,female
[3223.30411713],0.10214478,0.48379678,0.2742810994386673,0.7075580805540085,0.4332769811153412,-0.8933046,0.0011636721,0.0011636721,3056.741258952367,-8.528687,-387.65445,233.4248,-8.528687,-387.65445,233.4248,621.0792,-8.528687,female
[2955.75211074],0.13677455,0.33209044,0.10982663556933403,0.6471495479345322,0.5373229123651981,-0.9733825,0.00074137567,0.00074137567,2933.8659667687234,-9.326205,-405.0586,227.77567,-9.326205,-405.0586,227.77567,632.8342,-9.326205,female
[2792.94141872],0.121355675,0.32427645,0.10917269811034203,0.6344257891178131,0.5252530910074711,-0.88102835,0.00067672995,0.00067672995,2758.807599568501,-9.321637,-405.46286,226.30412,-9.321637,-405.46286,226.30412,631.76697,-9.321637,female
[2914.19927475],0.109098695,0.3201804,0.126521997153759,0.6217870265245438,0.49526502937078476,-0.81478435,0.0010026057,0.0010026057,2886.5659898766176,-10.68046,-404.28476,219.19678,-10.68046,-404.28476,219.19678,623.48157,-10.68046,female
[2982.47463506],0.1124309,0.33216602,0.11757980287075043,0.6384680867195129,0.5208882838487625,-0.89084536,0.0008959164,0.0008959164,2854.10384247467,-9.488185,-448.82074,219.47882,-9.488185,-448.82074,219.47882,668.29956,-9.488185,female
[3382.30667488],0.09352944,0.45612282,0.21593722328543663,0.706078052520752,0.4901408292353153,-1.0048386,0.0042459844,0.0042459844,3385.91608631284,-9.706853,-456.46777,228.64731,-9.706853,-456.46777,228.64731,685.1151,-9.706853,female
[3136.27411821],0.10585769,0.39733204,0.15900887921452522,0.6728715747594833,0.5138626955449581,-1.0219432,0.0012927888,0.0012927888,3257.428683450249,-8.439604,-380.32965,233.69627,-8.439604,-380.32965,233.69627,614.02594,-8.439604,female
[3075.32761286],0.103115,0.35153574,0.12980100512504578,0.6430513560771942,0.5132503509521484,-0.78181314,0.0011430252,0.0011430252,3216.4337793144105,-10.323916,-417.819,243.32773,-10.323916,-417.819,243.32773,661.1467,-10.323916,female
[3059.64266293],0.09340333,0.34310818,0.1634199507534504,0.6224775612354279,0.45905761048197746,-0.7266102,0.00085633516,0.00085633516,2977.5709674163622,-10.066285,-370.09305,238.05353,-10.066285,-370.09305,238.05353,608.1466,-10.066285,female
[3118.65199594],0.0985268,0.40546733,0.15229395776987076,0.704975426197052,0.5526814684271812,-1.1268252,0.00096645736,0.00096645736,2812.163570655005,-10.481546,-447.15414,231.10382,-10.481546,-447.15414,231.10382,678.25793,-10.481546,female
[2796.80872097],0.13187885,0.30861163,0.11194719560444355,0.5977387875318527,0.48579159192740917,-0.7111952,0.0010923437,0.0010923437,2765.6518688011424,-10.024028,-379.02933,238.59018,-10.024028,-379.02933,238.59018,617.6195,-10.024028,female
[3036.05813075],0.093020275,0.37604666,0.15103603526949883,0.6735602766275406,0.5225242413580418,-1.0287176,0.00081755436,0.00081755436,2823.607132755395,-9.266166,-445.14996,241.44592,-9.266166,-445.14996,241.44592,686.5959,-9.266166,female
[3181.40561299],0.11629638,0.32612476,0.15431364253163338,0.6043022274971008,0.44998858496546745,-0.5458989,0.0010156693,0.0010156693,3349.6693145390695,-8.836713,-410.82022,213.73358,-8.836713,-410.82022,213.73358,624.55383,-8.836713,female
[3243.78242099],0.11599272,0.36542705,0.14816513285040855,0.673175722360611,0.5250105895102024,-1.0250427,0.0010878867,0.0010878867,3172.940358479288,-9.36594,-440.3346,228.0444,-9.36594,-440.3346,228.0444,668.379,-9.36594,female
[3483.40470592],0.117098905,0.4678524,0.2500077337026596,0.7088368684053421,0.4588291347026825,-0.9618573,0.0034779748,0.0034779748,3642.1814348290427,-8.970004,-428.40662,209.0792,-8.970004,-428.40662,209.0792,637.48584,-8.970004,female
[3019.91669316],0.121807806,0.32584465,0.12775501236319542,0.6210473626852036,0.49329235032200813,-0.8281866,0.0013395535,0.0013395535,2986.921471043588,-9.123258,-429.35355,219.22144,-9.123258,-429.35355,219.22144,648.57495,-9.123258,female
[2970.83810773],0.11325619,0.33077914,0.11572634428739548,0.6283090114593506,0.5125826671719551,-0.8334487,0.0010483143,0.0010483143,3001.707233883151,-10.775765,-436.16006,235.7157,-10.775765,-436.16006,235.7157,671.87573,-10.775765,female
[3164.91632345],0.096216545,0.38207054,0.1590205281972885,0.6734013557434082,0.5143808275461197,-0.9965189,0.0009841527,0.0009841527,3020.0484763165546,-8.877256,-443.3045,218.08492,-8.877256,-443.3045,218.08492,661.3894,-8.877256,female
[3140.16889204],0.12139924,0.41088042,0.17364272102713585,0.6941570192575455,0.5205142982304096,-1.0206507,0.0014922724,0.0014922724,3215.767746107655,-9.826834,-377.47012,220.02553,-9.826834,-377.47012,220.02553,597.49567,-9.826834,female
[3338.21058776],0.10117808,0.44643283,0.22242696583271027,0.689868152141571,0.4674411863088608,-0.9157272,0.0011806759,0.0011806759,3234.192126821534,-9.9477005,-416.0878,201.48012,-9.9477005,-416.0878,201.48012,617.56793,-9.9477005,female
[3126.37292005],0.113054544,0.3554201,0.1478702574968338,0.635005846619606,0.4871355891227722,-0.86496615,0.0013691784,0.0013691784,3484.2417096131694,-10.544064,-413.56458,209.76501,-10.544064,-413.56458,209.76501,623.3296,-10.544064,female
[2949.83622219],0.119255684,0.3022051,0.10598094388842583,0.5975045561790466,0.4915236122906208,-0.67443687,0.00086746697,0.00086746697,2922.0540901181994,-10.231723,-429.65298,230.32698,-10.231723,-429.65298,230.32698,659.98,-10.231723,female
[3149.99337302],0.11177553,0.36203444,0.1356537640094757,0.6570347845554352,0.5213810205459595,-0.99133617,0.0012952938,0.0012952938,3338.941385423316,-11.345092,-393.5591,218.05347,-11.345092,-393.5591,218.05347,611.61255,-11.345092,female
[3159.25930815],0.11527548,0.3754928,0.16242187470197678,0.652856782078743,0.4904349073767662,-0.73188657,0.0013397613,0.0013397613,3282.958779783203,-10.516788,-424.55695,225.97089,-10.516788,-424.55695,225.97089,650.52783,-10.516788,female
[2952.16945673],0.106783345,0.3467558,0.147247776389122,0.6485782861709595,0.5013305097818375,-0.8980891,0.000970344,0.000970344,3089.322923725351,-8.575749,-422.23557,231.90094,-8.575749,-422.23557,231.90094,654.1365,-8.575749,female
[3055.1598556],0.10932061,0.38903648,0.16287695989012718,0.6891363561153412,0.526259396225214,-1.0315644,0.0010593731,0.0010593731,3198.219545327757,-9.331089,-451.98813,232.72253,-9.331089,-451.98813,232.72253,684.7107,-9.331089,female
[3003.09889383],0.09768804,0.3655187,0.13838623091578484,0.6695978045463562,0.5312115736305714,-1.0137602,0.0011039028,0.0011039028,2948.2155231929833,-10.455093,-446.18277,215.95172,-10.455093,-446.18277,215.95172,662.1345,-10.455093,female
[3490.44333139],0.10079905,0.48791143,0.28111330419778824,0.720158725976944,0.43904542177915573,-0.9327316,0.0028177553,0.0028177553,3552.830777495662,-10.794853,-446.79102,209.18,-10.794853,-446.79102,209.18,655.971,-10.794853,female
[3150.16901334],0.086948015,0.376186,0.16969159618020058,0.6556977480649948,0.48600615188479424,-0.86635137,0.0011566231,0.0011566231,3054.46476868953,-10.708458,-418.6198,214.83423,-10.708458,-418.6198,214.83423,633.45404,-10.708458,female
[3092.37287716],0.11567437,0.31634623,0.1061607152223587,0.6355791538953781,0.5294184386730194,-0.8985539,0.00094671454,0.00094671454,2929.8336334634205,-11.4913225,-446.73465,230.43436,-11.4913225,-446.73465,230.43436,677.169,-11.4913225,female
[2995.72341436],0.11425698,0.37224516,0.15593453869223595,0.6590593755245209,0.5031248368322849,-0.9629511,0.0010547101,0.0010547101,3026.2315109984156,-9.251737,-409.52332,225.55197,-9.251737,-409.52332,225.55197,635.0753,-9.251737,female
[3057.30175315],0.123418175,0.3407485,0.1282561905682087,0.6325041353702545,0.5042479448020458,-0.85784245,0.0011007087,0.0011007087,3291.144749354965,-9.672499,-365.27942,211.03723,-9.672499,-365.27942,211.03723,576.31665,-9.672499,female
[3130.97173279],0.102276124,0.3283279,0.13070542737841606,0.6277781128883362,0.4970726855099201,-0.8412078,0.0013492497,0.0013492497,3350.8086553865614,-9.619177,-443.19843,225.88614,-9.619177,-443.19843,225.88614,669.0846,-9.619177,female
[3121.03023643],0.10396114,0.37128606,0.15682439878582954,0.656920924782753,0.5000965259969234,-0.895601,0.0012057071,0.0012057071,3345.9930284768566,-8.695576,-421.2523,231.21584,-8.695576,-421.2523,231.21584,652.46814,-8.695576,female
[2902.05157223],0.12227842,0.35627258,0.1465577557682991,0.6538806706666946,0.5073229148983955,-0.9350543,0.0010697203,0.0010697203,2994.928240881775,-8.937527,-440.00534,233.89319,-8.937527,-440.00534,233.89319,673.89856,-8.937527,female
[3080.7770693],0.09827392,0.41253704,0.15795831382274628,0.699291467666626,0.5413331538438797,-1.1047122,0.0009044089,0.0009044089,2756.0183564295003,-8.767604,-444.56796,232.64532,-8.767604,-444.56796,232.64532,677.21326,-8.767604,female
[3127.45965165],0.08755353,0.37417138,0.13878293707966805,0.6663416177034378,0.5275586806237698,-0.96239215,0.0010810286,0.0010810286,2698.6056982858795,-8.979073,-457.1427,224.95605,-8.979073,-457.1427,224.95605,682.09875,-8.979073,female
[3247.28487178],0.074232176,0.3747814,0.15163429826498032,0.6636653542518616,0.5120310559868813,-0.9914256,0.0011661188,0.0011661188,2888.6045618270673,-10.814421,-460.53772,239.02274,-10.814421,-460.53772,239.02274,699.5604,-10.814421,female
[3208.29876019],0.09039473,0.43376142,0.1795118749141693,0.7317599356174469,0.5522480607032776,-1.1820196,0.0008702878,0.0008702878,2738.333077058573,-9.670959,-443.65482,233.48145,-9.670959,-443.65482,233.48145,677.1362,-9.670959,female
[3113.20060199],0.09334587,0.44268876,0.19643966108560562,0.7126696556806564,0.5162299945950508,-1.0770364,0.0009701859,0.0009701859,2831.1323314843703,-10.605869,-453.46735,234.84009,-10.605869,-453.46735,234.84009,688.30743,-10.605869,female
[3098.69213633],0.121711716,0.3666631,0.15685521811246872,0.6416220366954803,0.4847668185830116,-0.8408881,0.001387218,0.001387218,3242.5557132230147,-11.41526,-375.31357,224.41983,-11.41526,-375.31357,224.41983,599.7334,-11.41526,female
[3123.53225118],0.09581061,0.38377088,0.153046403080225,0.6666250675916672,0.5135786645114422,-1.0074261,0.0009662465,0.0009662465,2886.190259338998,-8.299452,-435.73676,233.32889,-8.299452,-435.73676,233.32889,669.0657,-8.299452,female
[3294.71062471],0.07550803,0.39663422,0.1768270879983902,0.6741719841957092,0.49734489619731903,-0.89714366,0.001310728,0.001310728,3104.7419026151747,-9.328097,-461.784,229.52612,-9.328097,-461.784,229.52612,691.3101,-9.328097,female
[3303.85027265],0.10739805,0.37234098,0.17040873691439629,0.6534223854541779,0.48301364853978157,-0.8784194,0.0018333034,0.0018333034,3590.5944349317956,-10.791236,-393.43967,222.77847,-10.791236,-393.43967,222.77847,616.21814,-10.791236,female
[3066.72232225],0.10572002,0.34524268,0.11866049841046333,0.6469900608062744,0.5283295623958111,-0.91376305,0.0008059801,0.0008059801,2805.477222227253,-8.630955,-440.86942,232.57965,-8.630955,-440.86942,232.57965,673.4491,-8.630955,female
[3019.39331968],0.11829018,0.32901987,0.132438275963068,0.6283790320158005,0.49594075605273247,-0.814953,0.0011213475,0.0011213475,3289.28338437604,-10.405666,-411.7991,227.31093,-10.405666,-411.7991,227.31093,639.11005,-10.405666,female
[2959.10342929],0.10510462,0.36151013,0.14783259481191635,0.6532579064369202,0.5054253116250038,-0.85688734,0.0008315714,0.0008315714,2763.464750408542,-10.426295,-441.9229,220.44698,-10.426295,-441.9229,220.44698,662.3699,-10.426295,female
[3205.54141338],0.1060594,0.32620502,0.1199166551232338,0.6161008179187775,0.49618416279554367,-0.790283,0.001382649,0.001382649,3152.0688047665403,-10.395696,-386.6295,232.70059,-10.395696,-386.6295,232.70059,619.3301,-10.395696,female
[3151.41487026],0.110675,0.34470502,0.11981868371367455,0.6547545194625854,0.5349358357489109,-0.97794485,0.0009390778,0.0009390778,2972.570650221395,-9.094265,-430.013,223.73346,-9.094265,-430.013,223.73346,653.74646,-9.094265,female
[2959.81943836],0.11454868,0.2763875,0.08847464993596077,0.5864966809749603,0.49802203103899956,-0.7262853,0.0008746098,0.0008746098,2842.8913820747443,-10.78118,-375.01276,218.41226,-10.78118,-375.01276,218.41226,593.42505,-10.78118,female
[2988.8700654],0.10617065,0.33581513,0.14242494106292725,0.6267902851104736,0.4843653440475464,-0.79905003,0.0010182436,0.0010182436,3109.089460298825,-9.564769,-382.4417,237.48476,-9.564769,-382.4417,237.48476,619.92645,-9.564769,female
[3153.90402871],0.116910525,0.3360681,0.12548518925905228,0.627443864941597,0.5019586756825447,-0.84616154,0.0011895046,0.0011895046,3126.283676004477,-10.951344,-393.01706,233.70146,-10.951344,-393.01706,233.70146,626.7185,-10.951344,female
[3148.99003585],0.09783211,0.370748,0.15262467041611671,0.6592401266098022,0.5066154561936855,-0.96194047,0.0013535464,0.0013535464,3013.3704274336583,-10.979434,-435.0175,223.5817,-10.979434,-435.0175,223.5817,658.5992,-10.979434,female
[3087.16718816],0.104644135,0.29808694,0.1064341552555561,0.5963412225246429,0.48990706726908684,-0.7446968,0.0010950182,0.0010950182,2859.6314055936605,-11.245153,-409.18,233.61066,-11.245153,-409.18,233.61066,642.79065,-11.245153,female
[2884.93616493],0.11687152,0.319708,0.12955938652157784,0.6248442083597183,0.4952848218381405,-0.77289456,0.000830876,0.000830876,2727.581414084642,-9.137949,-438.6201,217.96777,-9.137949,-438.6201,217.96777,656.5879,-9.137949,female
[3484.309002],0.060368847,0.5690029,0.3949081525206566,0.7636251002550125,0.3687169477343559,-0.7451307,0.0033769282,0.0033769282,3418.8404524123926,-11.09013,-573.0096,198.67725,-11.09013,-573.0096,198.67725,771.6868,-11.09013,female
[2915.26728691],0.11265244,0.3446613,0.14394554123282433,0.6342571973800659,0.4903116561472416,-0.8498485,0.001155593,0.001155593,3078.2111096493577,-10.42818,-424.6698,224.71878,-10.42818,-424.6698,224.71878,649.38855,-10.42818,female
[3023.98406385],0.14488567,0.2830162,0.08603454940021038,0.5860669761896133,0.500032426789403,-0.6468232,0.0010666306,0.0010666306,3177.671221581318,-9.357558,-361.81592,219.59592,-9.357558,-361.81592,219.59592,581.41187,-9.357558,female
[2964.91688926],0.055213645,0.44470948,0.19330307096242905,0.7090879827737808,0.5157849118113518,-1.1030446,0.0024454033,0.0024454033,2837.509683032057,-11.511692,-504.1097,248.62071,-11.511692,-504.1097,248.62071,752.7304,-11.511692,male
[2948.64898976],0.06724894,0.38568574,0.14264850690960884,0.6786158978939056,0.5359673909842968,-1.0541995,0.0027649452,0.0027649452,3104.1593942690797,-13.017362,-502.97696,243.71805,-13.017362,-502.97696,243.71805,746.695,-13.017362,male
[2902.93169296],0.041066393,0.35656944,0.1576428785920143,0.6488796323537827,0.49123675376176834,-0.718159,0.0019053123,0.0019053123,2657.174817384223,-13.701812,-489.72202,244.22778,-13.701812,-489.72202,244.22778,733.9498,-13.701812,male
[3328.36231366],0.024007453,0.527781,0.30743974447250366,0.7523781955242157,0.44493845105171204,-0.8558293,0.0030132877,0.0030132877,3212.2766374501543,-16.066833,-505.0082,215.32553,-16.066833,-505.0082,215.32553,720.33374,-16.066833,male
[2626.46391283],0.059349008,0.30653006,0.12047944962978363,0.6277578473091125,0.5072783976793289,-0.87978625,0.0012249133,0.0012249133,2412.206643781588,-13.175272,-494.8824,240.2623,-13.175272,-494.8824,240.2623,735.14465,-13.175272,male
[3126.88400496],0.04358278,0.44663596,0.18694429472088814,0.7020778506994247,0.5151335559785366,-1.004321,0.0035137788,0.0035137788,2818.589963683977,-14.206317,-516.5213,240.2486,-14.206317,-516.5213,240.2486,756.7699,-14.206317,male
[2757.83180727],0.053250927,0.38052258,0.1557246670126915,0.6701209843158722,0.5143963173031807,-0.9515033,0.0016268392,0.0016268392,2639.4214752784846,-13.433423,-497.7083,241.3125,-13.433423,-497.7083,241.3125,739.0208,-13.433423,male
[2891.57882411],0.055335183,0.34266782,0.10458239912986755,0.663072407245636,0.5584900081157684,-1.0181732,0.0017851635,0.0017851635,2692.2839045896935,-14.272277,-495.46606,234.64095,-14.272277,-495.46606,234.64095,730.107,-14.272277,male
[2786.24303467],0.048237123,0.33624968,0.12871881946921349,0.6282020211219788,0.4994832016527653,-0.83652323,0.0013345539,0.0013345539,2951.146480538005,-14.176059,-491.23843,231.15121,-14.176059,-491.23843,231.15121,722.38965,-14.176059,male
[2579.23480165],0.05552411,0.40582675,0.2104591578245163,0.6445830762386322,0.4341239184141159,-0.70943063,0.00078634394,0.00078634394,2331.4089937350727,-11.280253,-425.58536,241.86018,-11.280253,-425.58536,241.86018,667.44556,-11.280253,male
[2862.3209837],0.05069747,0.3908679,0.20409256219863892,0.6537734121084213,0.4496808499097824,-0.60203946,0.0020093045,0.0020093045,2783.1279681803608,-12.737708,-462.06543,244.91237,-12.737708,-462.06543,244.91237,706.9778,-12.737708,male
[2893.32292512],0.063924514,0.36704355,0.1541651412844658,0.6539530456066132,0.49978790432214737,-0.82527024,0.0020798037,0.0020798037,2711.574696618694,-14.245362,-487.46045,235.0214,-14.245362,-487.46045,235.0214,722.4818,-14.245362,male
[2619.8165342],0.076070346,0.29066548,0.10476311482489109,0.6188824623823166,0.5141193475574255,-0.7907222,0.0010794341,0.0010794341,2534.2477843990946,-11.183119,-494.6843,242.22002,-11.183119,-494.6843,242.22002,736.9043,-11.183119,male
[2607.08716014],0.06866215,0.28227288,0.11546248756349087,0.5815820544958115,0.4661195669323206,-0.50832397,0.0011255547,0.0011255547,2435.693721464415,-11.714378,-494.25412,248.01953,-11.714378,-494.25412,248.01953,742.2737,-11.714378,male
[2925.50645369],0.035113305,0.43078974,0.2051234245300293,0.6891852915287018,0.4840618669986725,-1.0151765,0.002022754,0.002022754,2604.1235319677003,-14.754876,-499.9118,229.40991,-14.754876,-499.9118,229.40991,729.3217,-14.754876,male
[2625.85969124],0.054684114,0.3768145,0.1624753512442112,0.6534141004085541,0.4909387491643429,-0.8958153,0.0013573393,0.0013573393,2655.306320314929,-11.843714,-480.70105,233.69257,-11.843714,-480.70105,233.69257,714.3936,-11.843714,male
[2809.68601876],0.06276689,0.2906736,0.10970320366322994,0.6064865291118622,0.49678332544863224,-0.7130086,0.0010018502,0.0010018502,2701.0154932527835,-13.373872,-484.10953,232.08124,-13.373872,-484.10953,232.08124,716.1908,-13.373872,male
[2394.36457326],0.069183215,0.25643665,0.08346942253410816,0.6004068404436111,0.516937417909503,-0.6118935,0.000719579,0.000719579,2282.572415370295,-12.145485,-506.3536,235.19472,-12.145485,-506.3536,235.19472,741.54834,-12.145485,male
[3033.70543248],0.05165112,0.43456653,0.207954790443182,0.6995829045772552,0.49162811413407326,-0.998069,0.002485879,0.002485879,2757.151450099235,-12.809555,-497.584,241.07423,-12.809555,-497.584,241.07423,738.65826,-12.809555,male
[3044.23934594],0.047451217,0.36298263,0.15853944420814514,0.6350324600934982,0.4764930158853531,-0.8618994,0.0021860877,0.0021860877,3105.3897985324384,-13.459896,-504.6721,239.0636,-13.459896,-504.6721,239.0636,743.7357,-13.459896,male
[2648.38894746],0.07036908,0.3257824,0.1053557489067316,0.6208665370941162,0.5155107881873846,-0.889062,0.0019503885,0.0019503885,2339.5629498898998,-14.013256,-497.14795,229.59473,-14.013256,-497.14795,229.59473,726.7427,-14.013256,male
[2855.60923135],0.06233969,0.36718678,0.13032712042331696,0.6631936281919479,0.532866507768631,-0.93053913,0.002378389,0.002378389,2871.5504612180753,-13.001112,-487.44577,221.62677,-13.001112,-487.44577,221.62677,709.0725,-13.001112,male
[2848.2079207],0.04526453,0.431185,0.18171018734574318,0.7046320289373398,0.5229218415915966,-0.98004144,0.002189156,0.002189156,2415.7167866977306,-14.50399,-506.92667,252.12994,-14.50399,-506.92667,252.12994,759.05664,-14.50399,male
[2871.62150162],0.05223681,0.37924454,0.14320281147956848,0.6625333875417709,0.5193305760622025,-0.9931214,0.0016143866,0.0016143866,2934.0173205504025,-12.870542,-507.30215,247.02454,-12.870542,-507.30215,247.02454,754.32666,-12.870542,male
[2619.83900938],0.06021235,0.33297336,0.13143828138709068,0.6261092573404312,0.49467097595334053,-0.6693385,0.0014562798,0.0014562798,2695.489393606946,-13.042248,-495.61124,241.24438,-13.042248,-495.61124,241.24438,736.8556,-13.042248,male
[2552.98009318],0.06988936,0.3219607,0.1238978710025549,0.6110497117042542,0.48715184070169926,-0.7904127,0.001230803,0.001230803,2550.9142524677563,-12.089063,-461.4841,239.97537,-12.089063,-461.4841,239.97537,701.4595,-12.089063,male
[3104.52801715],0.047658253,0.3809004,0.1660301424562931,0.6485950946807861,0.482564952224493,-0.8733981,0.003650777,0.003650777,3131.1177923551086,-13.730396,-491.09195,245.7156,-13.730396,-491.09195,245.7156,736.80756,-13.730396,male
[2810.87459309],0.0612662,0.339719,0.13483206555247307,0.6244258731603622,0.4895938076078892,-0.8410592,0.0013867958,0.0013867958,2875.4657860147977,-13.037821,-500.5898,230.2102,-13.037821,-500.5898,230.2102,730.80005,-13.037821,male
[2853.34011689],0.044186797,0.44994515,0.24756039306521416,0.681841641664505,0.43428124859929085,-0.8784731,0.0020375547,0.0020375547,2523.4039100389277,-11.659768,-496.91898,230.40353,-11.659768,-496.91898,230.40353,727.3225,-11.659768,male
[2401.37517666],0.087007605,0.26586837,0.08883295021951199,0.5640540421009064,0.4752210918813944,-0.5667965,0.00041779788,0.00041779788,2221.5219455307574,-11.202885,-483.37067,234.98796,-11.202885,-483.37067,234.98796,718.35864,-11.202885,male
[2655.14426781],0.062356528,0.47305852,0.2866072878241539,0.6936596632003784,0.4070523753762245,-0.69197994,0.0010395298,0.0010395298,2509.57010587273,-11.872886,-486.05344,198.51222,-11.872886,-486.05344,198.51222,684.5657,-11.872886,male
[2618.12287778],0.0514758,0.421111,0.20163830369710922,0.662358358502388,0.4607200548052788,-0.8992124,0.00061900954,0.00061900954,2380.467714454773,-12.374373,-409.49036,218.09364,-12.374373,-409.49036,218.09364,627.584,-12.374373,male
[2673.87336579],0.08649305,0.30913568,0.10175194963812828,0.6087031364440918,0.5069511868059635,-0.76981163,0.00061302923,0.00061302923,2579.591555595449,-11.824477,-457.80698,222.60257,-11.824477,-457.80698,222.60257,680.40955,-11.824477,male
[2574.20216537],0.076229595,0.2832452,0.06789695098996162,0.575309693813324,0.5074127428233624,-0.61151576,0.0005205227,0.0005205227,2281.7618489071883,-12.870788,-388.61624,218.895,-12.870788,-388.61624,218.895,607.5112,-12.870788,male
[2463.36877646],0.073439874,0.28464478,0.10039700195193291,0.5863561779260635,0.48595917597413063,-0.6423134,0.0008757606,0.0008757606,2550.370864558485,-11.539071,-494.81134,237.01242,-11.539071,-494.81134,237.01242,731.8237,-11.539071,male
[2741.11029814],0.046893824,0.3462359,0.1576533131301403,0.6252359598875046,0.4675826467573643,-0.7951749,0.0014833342,0.0014833342,2625.567306513719,-12.857456,-459.2054,266.82153,-12.857456,-459.2054,266.82153,726.027,-12.857456,male
[2898.0046821],0.045679893,0.38751477,0.1514734886586666,0.6682519912719727,0.516778502613306,-0.9316806,0.0024887517,0.0024887517,3052.3035683566554,-14.550097,-495.82285,225.63605,-14.550097,-495.82285,225.63605,721.45886,-14.550097,male
[2688.63055382],0.05955812,0.3043378,0.11260945722460747,0.6050170511007309,0.49240759387612343,-0.6933461,0.0014491316,0.0014491316,2681.1597933289336,-13.216678,-500.25897,266.18872,-13.216678,-500.25897,266.18872,766.4477,-13.216678,male
[2952.9028646],0.04680249,0.46365315,0.1771216318011284,0.7215686291456223,0.5444469973444939,-1.1284975,0.002359847,0.002359847,2756.554971791496,-14.884951,-505.34293,234.22862,-14.884951,-505.34293,234.22862,739.57153,-14.884951,male
[3129.12731728],0.04639159,0.46191,0.18315457180142403,0.7079883366823196,0.5248337648808956,-1.1060117,0.0037020796,0.0037020796,2823.885598275728,-14.581246,-499.35394,235.9459,-14.581246,-499.35394,235.9459,735.29987,-14.581246,male
[2578.98916675],0.057095908,0.38222212,0.14935505390167236,0.6700335443019867,0.5206784904003143,-0.9932334,0.0013318555,0.0013318555,2229.3997238620136,-13.155578,-525.90924,241.80176,-13.155578,-525.90924,241.80176,767.711,-13.155578,male
[3029.96584849],0.060006958,0.35695952,0.1254313848912716,0.660687044262886,0.5352556593716145,-0.9495261,0.0024825952,0.0024825952,2875.7040603826376,-13.833353,-494.31635,224.9718,-13.833353,-494.31635,224.9718,719.28815,-13.833353,male
[2870.4674295],0.054354552,0.4212842,0.1332756094634533,0.6980963349342346,0.5648207254707813,-1.149467,0.0020473204,0.0020473204,2649.805256686929,-13.802106,-512.27216,250.77127,-13.802106,-512.27216,250.77127,763.04346,-13.802106,male
[2594.17587049],0.07070209,0.31880862,0.10495034232735634,0.6360855251550674,0.5311351828277111,-0.91272837,0.00085887976,0.00085887976,2386.2978683741103,-12.246689,-489.8218,241.4639,-12.246689,-489.8218,241.4639,731.2857,-12.246689,male
[2920.00707872],0.065155245,0.4016664,0.14172597974538803,0.6805105060338974,0.5387845262885094,-1.0617093,0.0016988507,0.0016988507,2903.347102700417,-12.767349,-498.3759,227.66965,-12.767349,-498.3759,227.66965,726.04553,-12.767349,male
[2716.93363165],0.06003164,0.32254964,0.12538232654333115,0.6321367919445038,0.5067544654011726,-0.8141897,0.0015428435,0.0015428435,2688.8440342516037,-12.730238,-491.88977,247.02298,-12.730238,-491.88977,247.02298,738.9127,-12.730238,male
[2983.13310475],0.043180745,0.46650684,0.17938269302248955,0.7311020940542221,0.5517194010317326,-1.1752747,0.0023596173,0.0023596173,2771.526174635139,-14.747859,-503.99155,239.384,-14.747859,-503.99155,239.384,743.37555,-14.747859,male
[3017.9167702],0.036293272,0.42644376,0.18240606412291527,0.7041205614805222,0.5217144973576069,-1.0703796,0.0030361402,0.0030361402,2756.1817491693646,-14.832296,-508.64188,244.41975,-14.832296,-508.64188,244.41975,753.06165,-14.832296,male
[2842.36857724],0.041866366,0.44432086,0.19073033705353737,0.7049588710069656,0.5142285339534283,-1.0628823,0.0023242917,0.0023242917,2486.2669405783918,-13.563477,-508.67368,225.87549,-13.563477,-508.67368,225.87549,734.5492,-13.563477,male
[2967.39086422],0.053914197,0.3712627,0.13018620759248734,0.6702181100845337,0.5400319024920464,-0.95955783,0.0019596256,0.0019596256,3005.9282090273196,-14.284118,-488.27078,210.27591,-14.284118,-488.27078,210.27591,698.5467,-14.284118,male
[2773.14698913],0.059033286,0.39171106,0.15823182836174965,0.6745467036962509,0.5163148753345013,-0.9814562,0.001878487,0.001878487,2612.7775930154835,-12.733898,-496.78476,240.712,-12.733898,-496.78476,240.712,737.49677,-12.733898,male
[2700.09442803],0.06478167,0.36631256,0.10505514219403267,0.6573967486619949,0.5523416064679623,-1.0375158,0.0015250989,0.0015250989,2018.9280358768706,-13.882153,-491.32138,216.81476,-13.882153,-491.32138,216.81476,708.1361,-13.882153,male
[2670.69136514],0.06315209,0.3246837,0.11723929084837437,0.6317780017852783,0.514538710936904,-0.7270713,0.0012264753,0.0012264753,2485.315976033048,-13.136301,-509.59152,232.90936,-13.136301,-509.59152,232.90936,742.50085,-13.136301,male
[3500.84048866],0.016262585,0.58709747,0.40998508036136627,0.7830387502908707,0.3730536699295044,-0.6259356,0.0047157696,0.0047157696,2954.836773192402,-17.68195,-511.423,255.48978,-17.68195,-511.423,255.48978,766.9128,-17.68195,male
[3170.90028249],0.04635027,0.47405386,0.20411638543009758,0.723882794380188,0.5197664089500904,-1.101057,0.0031597205,0.0031597205,3115.4866235372556,-14.777012,-505.79153,235.1326,-14.777012,-505.79153,235.1326,740.92413,-14.777012,male
[2513.40570635],0.07269644,0.32196015,0.0901495423167944,0.6570625156164169,0.5669129732996225,-1.0527209,0.0009948744,0.0009948744,2030.7905736021257,-12.649158,-518.0344,232.07306,-12.649158,-518.0344,232.07306,750.1075,-12.649158,male
[2725.4768608],0.05605486,0.35237098,0.12256256677210331,0.6597298681735992,0.5371673014014959,-1.0160156,0.0016420961,0.0016420961,3023.2772444262314,-13.408866,-507.20392,234.126,-13.408866,-507.20392,234.126,741.32996,-13.408866,male
[2586.39974327],0.053760946,0.3337035,0.13574348390102386,0.6410885155200958,0.505345031619072,-0.8924589,0.0011914684,0.0011914684,2433.2814378954536,-13.187383,-481.23135,232.9775,-13.187383,-481.23135,232.9775,714.20886,-13.187383,male
[2997.19835409],0.046535306,0.5023975,0.21124587208032608,0.7289259433746338,0.5176800712943077,-1.0763961,0.0028267815,0.0028267815,2711.091811238221,-15.600568,-502.4949,234.27252,-15.600568,-502.4949,234.27252,736.76746,-15.600568,male
[2711.21377639],0.0563509,0.39369988,0.1752873957157135,0.6572255343198776,0.4819381386041641,-0.9080365,0.0023217234,0.0023217234,2718.5949082061024,-12.896312,-502.21167,256.82468,-12.896312,-502.21167,256.82468,759.0364,-12.896312,male
[2790.06891433],0.06174099,0.39859146,0.17752115055918694,0.6786326915025711,0.5011115409433842,-0.99453896,0.002876913,0.002876913,2685.9680075247443,-12.830576,-505.16373,239.30893,-12.830576,-505.16373,239.30893,744.47266,-12.830576,male
[2875.27676201],0.06042591,0.38525867,0.15252043679356575,0.6647914350032806,0.5122709982097149,-0.9193799,0.0020346772,0.0020346772,2750.164861300561,-13.106105,-507.34415,246.0575,-13.106105,-507.34415,246.0575,753.4016,-13.106105,male
[2825.97598831],0.050071098,0.39147455,0.1642746366560459,0.6699541956186295,0.5056795589625835,-1.0085253,0.0018366495,0.0018366495,2564.5674816020796,-14.892423,-505.80594,240.38138,-14.892423,-505.80594,240.38138,746.1873,-14.892423,male
[3262.23516722],0.046862256,0.45864895,0.19451360777020454,0.7156834602355957,0.5211698524653912,-1.0734972,0.0034757368,0.0034757368,3193.243983231921,-14.733435,-507.42075,225.51945,-14.733435,-507.42075,225.51945,732.9402,-14.733435,male
[3071.31447391],0.048094094,0.4320882,0.17948739603161812,0.6996489316225052,0.5201615355908871,-1.0221105,0.002577608,0.002577608,2872.6925958943784,-14.880882,-513.42456,225.33629,-14.880882,-513.42456,225.33629,738.76086,-14.880882,male
[3138.36364868],0.038698416,0.4497046,0.21371804177761078,0.7148118019104004,0.5010937601327896,-1.0657085,0.0021858942,0.0021858942,2667.318062109027,-15.431078,-502.48523,241.17996,-15.431078,-502.48523,241.17996,743.66516,-15.431078,male
[2499.58666944],0.073434904,0.343759,0.12479039840400219,0.6406330764293671,0.5158426780253649,-0.92885685,0.0010919427,0.0010919427,2246.506450405098,-12.286341,-503.57184,233.68484,-12.286341,-503.57184,233.68484,737.2567,-12.286341,male
[2625.84574787],0.07106853,0.316477,0.11360098607838154,0.6356333941221237,0.5220324080437422,-0.9265639,0.00093600166,0.00093600166,2268.700274008926,-12.136567,-507.68048,240.9336,-12.136567,-507.68048,240.9336,748.6141,-12.136567,male
[2556.34800337],0.07006827,0.27492368,0.09975354187190533,0.5885364711284637,0.4887829292565584,-0.27691445,0.0007098527,0.0007098527,2114.7905468920976,-12.168019,-488.19348,238.27005,-12.168019,-488.19348,238.27005,726.4635,-12.168019,male
[2892.18948185],0.047156513,0.3739441,0.1489013247191906,0.6600190997123718,0.5111177749931812,-0.9079016,0.0030842863,0.0030842863,2722.0532106742085,-13.488507,-528.15344,239.20488,-13.488507,-528.15344,239.20488,767.35834,-13.488507,male
[3039.27885626],0.04445008,0.49756432,0.2620072364807129,0.7296898365020752,0.4676826000213623,-1.0000981,0.0030863795,0.0030863795,2613.801594849299,-14.472835,-530.8567,244.17802,-14.472835,-530.8567,244.17802,775.0347,-14.472835,male
[2779.35491869],0.0601485,0.37987673,0.13802464678883553,0.6753012984991074,0.5372766517102718,-1.0123801,0.001713854,0.001713854,2582.7096389396,-13.112211,-497.0896,255.06148,-13.112211,-497.0896,255.06148,752.15106,-13.112211,male
[2893.84540009],0.053428233,0.4718038,0.22611253336071968,0.7226681411266327,0.496555607765913,-0.9736848,0.0022426003,0.0022426003,2551.117011683209,-13.983851,-517.4703,245.4739,-13.983851,-517.4703,245.4739,762.9442,-13.983851,male
[2875.85187238],0.046656724,0.450257,0.17414316534996033,0.7119123339653015,0.5377691686153412,-1.0302062,0.0039776014,0.0039776014,2660.770920712452,-13.882536,-515.3032,248.23146,-13.882536,-515.3032,248.23146,763.53467,-13.882536,male
[2618.72751163],0.062139984,0.35153353,0.14834287762641907,0.6438349932432175,0.4954921156167984,-0.71541375,0.0015999769,0.0015999769,2667.277282462656,-11.848725,-524.449,246.26208,-11.848725,-524.449,246.26208,770.71106,-11.848725,male
[2864.47686581],0.048089013,0.35655802,0.16162266582250595,0.6444516479969025,0.4828289821743965,-0.83139426,0.0019330276,0.0019330276,2752.1333295045915,-12.559948,-511.03113,265.67157,-12.559948,-511.03113,265.67157,776.7027,-12.559948,male
[2601.5126827],0.059387993,0.31847608,0.14446524530649185,0.5967380255460739,0.45227278023958206,-0.62063605,0.0009933657,0.0009933657,2837.2415639495503,-11.637465,-492.65143,240.84619,-11.637465,-492.65143,240.84619,733.4976,-11.637465,male
[2725.28373911],0.05926584,0.39364195,0.15031271800398827,0.6819746196269989,0.5316619016230106,-0.95146036,0.0023431862,0.0023431862,2512.391454774797,-11.53438,-494.91125,239.31393,-11.53438,-494.91125,239.31393,734.2252,-11.53438,male
[2481.02746965],0.057534635,0.32309356,0.1334260180592537,0.6262462139129639,0.4928201958537102,-0.7712352,0.0012857806,0.0012857806,2381.237642850146,-11.927469,-498.44354,252.18277,-11.927469,-498.44354,252.18277,750.62634,-11.927469,male
[2593.54600448],0.07337533,0.32781747,0.11856269091367722,0.6327473968267441,0.5141847059130669,-0.80208,0.0013979209,0.0013979209,2245.318849591596,-11.965917,-501.76837,234.64027,-11.965917,-501.76837,234.64027,736.4086,-11.965917,male
[2446.35874114],0.074077874,0.32920963,0.12592725083231926,0.6340127885341644,0.5080855377018452,-0.76725763,0.0013804449,0.0013804449,2109.777609749185,-11.488919,-500.93805,249.39091,-11.488919,-500.93805,249.39091,750.329,-11.488919,male
[2406.98630943],0.08387029,0.31862748,0.11716433614492416,0.618107944726944,0.5009436085820198,-0.7153551,0.00075495895,0.00075495895,2107.9641053848122,-10.320353,-494.65002,238.59296,-10.320353,-494.65002,238.59296,733.243,-10.320353,male
[2564.32125481],0.06491017,0.29718757,0.1109281126409769,0.6058262884616852,0.4948981758207083,-0.31390887,0.0009369172,0.0009369172,2364.089764976255,-10.90222,-472.03607,247.97685,-10.90222,-472.03607,247.97685,720.01294,-10.90222,male
[2806.81330875],0.054409567,0.40173626,0.1989627555012703,0.6545413136482239,0.4555785581469536,-0.8460869,0.0009049556,0.0009049556,2610.343999223363,-11.912557,-425.9765,207.03134,-11.912557,-425.9765,207.03134,633.0078,-11.912557,male
[2464.96073595],0.07214931,0.2998283,0.12399338372051716,0.5903660655021667,0.4663726817816496,-0.686793,0.00069675245,0.00069675245,2245.220542317952,-13.229424,-483.76556,231.67923,-13.229424,-483.76556,231.67923,715.4448,-13.229424,male
[2474.82634314],0.053958237,0.40100837,0.1982715204358101,0.6591646075248718,0.46089308708906174,-0.84411067,0.00049202435,0.00049202435,2312.259826217697,-11.703966,-437.4697,207.00735,-11.703966,-437.4697,207.00735,644.47705,-11.703966,male
[2654.74071508],0.07438995,0.34116504,0.1322528012096882,0.622457355260849,0.4902045540511608,-0.823118,0.0008056522,0.0008056522,2851.4774838223548,-11.843031,-433.27267,221.2537,-11.843031,-433.27267,221.2537,654.52637,-11.843031,male
[2271.25675703],0.06915314,0.32196257,0.1356690563261509,0.5934802889823914,0.45781123265624046,-0.54823256,0.00029426595,0.00029426595,1978.6074552102773,-12.2197075,-395.70013,228.45303,-12.2197075,-395.70013,228.45303,624.1532,-12.2197075,male
[2932.10192448],0.0716274,0.40364486,0.2029852382838726,0.6518181562423706,0.448832917958498,-0.83502823,0.0008821012,0.0008821012,2849.07539604426,-11.67298,-402.37762,203.06595,-11.67298,-402.37762,203.06595,605.4436,-11.67298,male
[2707.39879747],0.066900216,0.34118336,0.11716209538280964,0.6607034653425217,0.543541369959712,-0.98462373,0.0018686256,0.0018686256,2681.3791476924766,-12.176301,-495.6648,243.54004,-12.176301,-495.6648,243.54004,739.20483,-12.176301,male
[3144.4297232],0.088698104,0.5075885,0.32529062032699585,0.7193025797605515,0.3940119594335556,-0.8841981,0.00066421187,0.00066421187,3140.7617513809337,-5.383266,-174.22247,175.41238,-5.383266,-174.22247,175.41238,349.63486,-5.383266,male
[2984.92532751],0.074142314,0.60208285,0.4623797535896301,0.7740581035614014,0.31167834997177124,-0.60698014,0.0018579724,0.0018579724,2677.5692017984393,-0.6556653,-695.0978,203.14319,-0.6556653,-695.0978,203.14319,898.24097,-0.6556653,male
[2614.44684266],0.07070259,0.30105364,0.1048135757446289,0.6073643565177917,0.5025507807731628,-0.80871207,0.0010965196,0.0010965196,2808.777755722786,-12.597956,-501.98618,233.24545,-12.597956,-501.98618,233.24545,735.2316,-12.597956,male
[2749.63420418],0.07424311,0.32081228,0.12466391175985336,0.618862584233284,0.49419867247343063,-0.8154709,0.0017074684,0.0017074684,2742.2144915000913,-11.299235,-488.8712,234.16397,-11.299235,-488.8712,234.16397,723.03516,-11.299235,male
[2736.27371628],0.061294325,0.35126072,0.13810577988624573,0.6505260765552521,0.5124202966690063,-0.96908206,0.0017910762,0.0017910762,2806.7315862240857,-12.108619,-508.30524,241.2197,-12.108619,-508.30524,241.2197,749.5249,-12.108619,male
[2688.50016445],0.050011955,0.35304782,0.13768842443823814,0.6499138325452805,0.5122254081070423,-0.8528463,0.0014924218,0.0014924218,2471.5903005629616,-13.678635,-511.38028,248.86278,-13.678635,-511.38028,248.86278,760.24304,-13.678635,male
[2474.05450304],0.0680211,0.32801884,0.13244546949863434,0.6217102855443954,0.4892648160457611,-0.7576999,0.0011291808,0.0011291808,2492.774195069689,-11.541292,-518.92676,246.69342,-11.541292,-518.92676,246.69342,765.6202,-11.541292,male
[2623.39886305],0.052645937,0.33881134,0.12663164734840393,0.6477057039737701,0.5210740566253662,-0.9483492,0.0009574898,0.0009574898,2343.8988232148263,-13.20524,-502.35672,236.96646,-13.20524,-502.35672,236.96646,739.3232,-13.20524,male
[2445.16712275],0.08977856,0.2787374,0.0887068435549736,0.6018487364053726,0.513141892850399,-0.7862857,0.00062521413,0.00062521413,2180.043561790539,-11.796373,-483.168,239.02472,-11.796373,-483.168,239.02472,722.19275,-11.796373,male
[2527.7808002],0.08253922,0.2898199,0.08664474077522755,0.5934744626283646,0.506829721853137,-0.69132376,0.0007852114,0.0007852114,2545.8145215857626,-11.538004,-462.067,225.00085,-11.538004,-462.067,225.00085,687.0679,-11.538004,male
[2610.20870339],0.071942516,0.32203722,0.13327644020318985,0.6295172572135925,0.4962408170104027,-0.83089083,0.0008778025,0.0008778025,2619.0545106676136,-11.681767,-500.76175,252.61243,-11.681767,-500.76175,252.61243,753.37415,-11.681767,male
[2441.87837659],0.052157693,0.31151906,0.11418605968356133,0.63057741522789,0.5163913555443287,-0.8090133,0.0009786228,0.0009786228,2473.824156481052,-13.358448,-505.35916,249.75223,-13.358448,-505.35916,249.75223,755.1114,-13.358448,male
[2949.26400608],0.035960305,0.4753841,0.2100151665508747,0.7302955985069275,0.5202804319560528,-1.1295046,0.002181272,0.002181272,2359.6643300666756,-14.733608,-499.99078,239.98264,-14.733608,-499.99078,239.98264,739.9734,-14.733608,male
[2934.58958439],0.03847894,0.4251051,0.19050005823373795,0.6986292153596878,0.5081291571259499,-0.98258895,0.0025480967,0.0025480967,2770.461578135005,-14.177974,-509.56693,253.83804,-14.177974,-509.56693,253.83804,763.40497,-14.177974,male
[2796.77996164],0.06058654,0.36829305,0.13908742368221283,0.6722187399864197,0.5331313163042068,-0.9305875,0.0018766325,0.0018766325,2919.2714100758703,-13.0699625,-504.19424,250.56357,-13.0699625,-504.19424,250.56357,754.7578,-13.0699625,male
[2479.52036134],0.081201896,0.2658336,0.09423617459833622,0.5814341306686401,0.4871979560703039,-0.6496117,0.0007290478,0.0007290478,2581.9990122609624,-11.406272,-501.46494,230.96176,-11.406272,-501.46494,230.96176,732.4267,-11.406272,male
[2739.75283088],0.048265852,0.32938293,0.13835632055997849,0.6351660490036011,0.4968097284436226,-0.8358055,0.0013731733,0.0013731733,2554.050715190138,-12.732718,-495.18375,232.0908,-12.732718,-495.18375,232.0908,727.27454,-12.732718,male
[2919.53461748],0.06049519,0.38554108,0.1310255154967308,0.6837069392204285,0.5526814237236977,-1.0827224,0.0016700976,0.0016700976,2814.0345884596722,-13.451933,-508.03827,232.65855,-13.451933,-508.03827,232.65855,740.69684,-13.451933,male
[2828.56392497],0.03703736,0.4535814,0.19331054016947746,0.7119639366865158,0.5186533965170383,-1.0449888,0.0020438733,0.0020438733,2420.1150040832226,-14.134066,-515.04944,235.4408,-14.134066,-515.04944,235.4408,750.49023,-14.134066,male
[2709.87432365],0.06233294,0.31490862,0.11943792551755905,0.6146281063556671,0.49519018083810806,-0.7559088,0.0013731532,0.0013731532,2624.9011301753985,-13.000869,-488.10068,236.69168,-13.000869,-488.10068,236.69168,724.79236,-13.000869,male
[2687.60212261],0.0677845,0.31030247,0.11168492957949638,0.626900389790535,0.5152154602110386,-0.8840471,0.0013857563,0.0013857563,2421.224835586294,-12.876097,-495.52518,246.64357,-12.876097,-495.52518,246.64357,742.16876,-12.876097,male
[2809.96361435],0.06702235,0.3501456,0.13157466426491737,0.6473205089569092,0.5157458446919918,-0.96471286,0.0013306456,0.0013306456,2652.009126291703,-13.06884,-495.56906,231.31416,-13.06884,-495.56906,231.31416,726.88324,-13.06884,male
[2688.26540072],0.062437486,0.30912215,0.10655005276203156,0.6266622543334961,0.5201122015714645,-0.8533115,0.0011355411,0.0011355411,2555.3119411671,-13.508221,-489.13654,237.44682,-13.508221,-489.13654,237.44682,726.5834,-13.508221,male
[2885.6489908],0.048832413,0.3840475,0.1669461913406849,0.6663960516452789,0.49944986030459404,-0.9211785,0.002299887,0.002299887,2914.5416996621702,-13.370668,-503.99182,262.07114,-13.370668,-503.99182,262.07114,766.063,-13.370668,male
[2406.53461288],0.072199605,0.33117694,0.12259277515113354,0.6166175603866577,0.4940247852355242,-0.7338896,0.0009024299,0.0009024299,2219.3065300849958,-11.502194,-479.0827,244.26514,-11.502194,-479.0827,244.26514,723.34784,-11.502194,male
[2759.74417442],0.049711283,0.3743477,0.15518724918365479,0.6505353599786758,0.49534811079502106,-0.946585,0.0010263185,0.0010263185,2477.143099391332,-12.381958,-483.72293,220.5304,-12.381958,-483.72293,220.5304,704.2533,-12.381958,male
[2793.61404869],0.053448986,0.35999188,0.13766490295529366,0.6550417095422745,0.5173768065869808,-0.988324,0.0021795754,0.0021795754,2746.259754093567,-12.716623,-496.4472,242.17554,-12.716623,-496.4472,242.17554,738.62274,-12.716623,male
[2669.66051345],0.06581975,0.41143817,0.1979331485927105,0.6713407933712006,0.47340764477849007,-0.9079034,0.0013362153,0.0013362153,2537.630754650696,-11.498127,-504.11136,244.31998,-11.498127,-504.11136,244.31998,748.43134,-11.498127,male
[2836.28796004],0.056914035,0.38994664,0.16427475959062576,0.6706517934799194,0.5063770338892937,-0.9946211,0.0016245866,0.0016245866,2724.607714974583,-12.2175045,-502.84167,228.95421,-12.2175045,-502.84167,228.95421,731.7959,-12.2175045,male
[2997.33522046],0.045813832,0.43628994,0.16502304002642632,0.7026909291744232,0.5376678891479969,-1.107009,0.0032869314,0.0032869314,2937.1125789907405,-14.789572,-494.18927,242.36432,-14.789572,-494.18927,242.36432,736.5536,-14.789572,male
[2495.54427868],0.07435151,0.2895267,0.09877586551010609,0.5931411236524582,0.4943652581423521,-0.53219754,0.0010085249,0.0010085249,2249.9283401161592,-12.833636,-486.98853,247.08795,-12.833636,-486.98853,247.08795,734.0765,-12.833636,male
[2621.37119471],0.09111444,0.39292255,0.1543022021651268,0.6678359061479568,0.51353370398283,-0.99858826,0.0008984337,0.0008984337,2697.9584712115347,-10.423415,-464.47913,228.87299,-10.423415,-464.47913,228.87299,693.3521,-10.423415,male
[2889.15287739],0.03629638,0.4292886,0.21317573636770248,0.6803378015756607,0.4671620652079582,-0.95695955,0.0008162403,0.0008162403,2500.076298634502,-12.646739,-461.51025,221.72844,-12.646739,-461.51025,221.72844,683.2387,-12.646739,male
[2748.26800384],0.06092641,0.30068672,0.11720654554665089,0.6035277247428894,0.4863211791962385,-0.6251576,0.0013575424,0.0013575424,2595.5148776524316,-13.164187,-483.68417,234.1135,-13.164187,-483.68417,234.1135,717.79767,-13.164187,male
[2732.93998703],0.06988798,0.34121346,0.11854634247720242,0.6495457887649536,0.5309994462877512,-1.000029,0.0014636997,0.0014636997,2522.5218464993195,-12.201127,-500.48175,253.2398,-12.201127,-500.48175,253.2398,753.72156,-12.201127,male
[2639.14106396],0.061994195,0.31799793,0.13735327124595642,0.6055325418710709,0.46817927062511444,-0.64287543,0.0011020846,0.0011020846,2575.7347654440987,-11.893439,-478.3195,228.7434,-11.893439,-478.3195,228.7434,707.06287,-11.893439,male
[2943.241942],0.05596815,0.40180355,0.15910274535417557,0.6852756887674332,0.5261729434132576,-1.0265089,0.002591476,0.002591476,3097.4464853077125,-12.865181,-504.69974,240.85062,-12.865181,-504.69974,240.85062,745.55035,-12.865181,male
[2649.11131142],0.06330142,0.31390947,0.11994021572172642,0.6147637814283371,0.4948235657066107,-0.7816712,0.0012366748,0.0012366748,2503.067731598758,-12.353508,-490.8326,247.36264,-12.353508,-490.8326,247.36264,738.19525,-12.353508,male
[2977.35884664],0.041664194,0.4347518,0.18038048222661018,0.7001958638429642,0.519815381616354,-1.0550718,0.0020735455,0.0020735455,2811.4757624836006,-14.614094,-505.0082,239.00015,-14.614094,-505.0082,239.00015,744.00836,-14.614094,male
[2934.38498879],0.048506185,0.4145779,0.16942117735743523,0.6893451660871506,0.5199239887297153,-1.0705842,0.0025508613,0.0025508613,2725.055964645638,-13.822695,-516.5213,240.94586,-13.822695,-516.5213,240.94586,757.46716,-13.822695,male
[2833.59038345],0.05181078,0.3407855,0.118848392739892,0.6527263075113297,0.5338779147714376,-0.97216827,0.0015656158,0.0015656158,2819.902170404766,-14.229738,-495.46606,234.64095,-14.229738,-495.46606,234.64095,730.107,-14.229738,male
[2715.23448727],0.05312725,0.3989305,0.20666935294866562,0.6530678272247314,0.4463984742760658,-0.68525887,0.0014281382,0.0014281382,2555.2531158363786,-12.0177,-462.96222,246.28658,-12.0177,-462.96222,246.28658,709.2488,-12.0177,male
[2748.73427619],0.06636039,0.3212241,0.1293235719203949,0.6201350837945938,0.4908115118741989,-0.8209782,0.0015922758,0.0015922758,2572.668398226752,-12.959534,-487.46045,242.71747,-12.959534,-487.46045,242.71747,730.1779,-12.959534,male
[2774.64571631],0.044910002,0.40265152,0.18303707987070084,0.6696086376905441,0.4865715578198433,-0.9526256,0.0016634995,0.0016634995,2627.904655163438,-13.250059,-489.75507,239.13113,-13.250059,-489.75507,239.13113,728.8862,-13.250059,male
[2598.0561982],0.06605818,0.2805196,0.0943436436355114,0.6092542409896851,0.5149105973541737,-0.7700219,0.0008569,0.0008569,2490.6759897032025,-12.76582,-506.5076,235.95483,-12.76582,-506.5076,235.95483,742.4624,-12.76582,male
[3039.74149724],0.049618512,0.397169,0.18300436064600945,0.673274964094162,0.49027060344815254,-0.9615908,0.0023233725,0.0023233725,2931.6089685817,-13.099398,-497.584,241.07423,-13.099398,-497.584,241.07423,738.65826,-13.099398,male
[2750.27041946],0.0664449,0.34371066,0.1164611205458641,0.6402169615030289,0.5237558409571648,-0.9355126,0.002152728,0.002152728,2606.0658397495104,-13.469453,-486.5713,223.23853,-13.469453,-486.5713,223.23853,709.8098,-13.469453,male
[2621.07645221],0.06937399,0.32412446,0.14103258401155472,0.6174803227186203,0.4764477387070656,-0.7160035,0.0014910948,0.0014910948,2801.733159815116,-10.842134,-499.4823,250.68892,-10.842134,-499.4823,250.68892,750.1712,-10.842134,male
[2732.82607405],0.05282968,0.38555318,0.1529531590640545,0.6668914705514908,0.5139383114874363,-0.8952542,0.0018208519,0.0018208519,2555.1739905397385,-13.780005,-506.56726,251.94478,-13.780005,-506.56726,251.94478,758.512,-13.780005,male
[2823.59335194],0.058849107,0.347455,0.14118992537260056,0.62542724609375,0.48423732072114944,-0.80529976,0.0024390288,0.0024390288,2838.90445247033,-12.880721,-482.9563,241.45834,-12.880721,-482.9563,241.45834,724.4147,-12.880721,male
[2832.47437453],0.05273651,0.3989978,0.17863867431879044,0.6531504690647125,0.4745117947459221,-0.9264725,0.0017116347,0.0017116347,2699.755031709458,-12.316549,-495.61633,229.33234,-12.316549,-495.61633,229.33234,724.94867,-12.316549,male
[2526.69671157],0.074696064,0.38493484,0.17145871743559837,0.6493021249771118,0.47784340754151344,-0.8410626,0.00072097516,0.00072097516,2365.3082897901418,-11.510359,-483.37067,234.98796,-11.510359,-483.37067,234.98796,718.35864,-11.510359,male
[2648.07841279],0.06909875,0.37523198,0.1417769268155098,0.6381406486034393,0.49636372178792953,-0.91771203,0.0006249338,0.0006249338,2482.787355548722,-12.072981,-454.7724,220.42361,-12.072981,-454.7724,220.42361,675.19604,-12.072981,male
[2655.24950582],0.061569754,0.31543243,0.10976559482514858,0.5964638888835907,0.4866982940584421,-0.7634997,0.0009619892,0.0009619892,2451.1717952191852,-12.835,-456.89645,263.07697,-12.835,-456.89645,263.07697,719.9734,-12.835,male
[2787.38812627],0.052632306,0.34391704,0.12986935675144196,0.6447443068027496,0.5148749500513077,-0.88754076,0.0019487474,0.0019487474,2862.5126213859485,-13.879569,-498.9441,265.2577,-13.879569,-498.9441,265.2577,764.2018,-13.879569,male
[3034.18468647],0.046665948,0.46296763,0.18060729280114174,0.7175093293190002,0.5369020365178585,-1.1372533,0.0030219604,0.0030219604,2786.8926848402875,-14.732652,-502.458,237.23085,-14.732652,-502.458,237.23085,739.68884,-14.732652,male
[2803.68026108],0.058579277,0.37130168,0.13835882768034935,0.6660690009593964,0.527710173279047,-1.0175815,0.0018952702,0.0018952702,2552.778398146089,-13.443512,-512.32434,236.5762,-13.443512,-512.32434,236.5762,748.9005,-13.443512,male
[2732.39597791],0.062625974,0.3723485,0.11836782097816467,0.67406265437603,0.5556948333978653,-1.0662044,0.0014543365,0.0014543365,2518.430795071305,-13.003671,-504.113,244.70952,-13.003671,-504.113,244.70952,748.8225,-13.003671,male
[2810.59448881],0.054279577,0.40195695,0.1716470904648304,0.6937015801668167,0.5220544897019863,-1.0708057,0.0018324123,0.0018324123,2746.3395251445786,-13.0470705,-502.00998,235.02332,-13.0470705,-502.00998,235.02332,737.0333,-13.0470705,male
[2951.10160303],0.054175206,0.43297347,0.1592472307384014,0.7050492912530899,0.5458020605146885,-1.1252576,0.0020049799,0.0020049799,2836.5220489394055,-13.743352,-498.3759,239.25258,-13.743352,-498.3759,239.25258,737.6285,-13.743352,male
[2929.36227473],0.03907215,0.4364127,0.18621143698692322,0.7102750837802887,0.5240636467933655,-1.0834361,0.0026208176,0.0026208176,2620.2867358838303,-14.168526,-510.0959,241.47256,-14.168526,-510.0959,241.47256,751.5685,-14.168526,male
[2867.15335514],0.056530558,0.38493267,0.14530335366725922,0.6721555441617966,0.5268521904945374,-0.99724966,0.0019097903,0.0019097903,2807.7720537669534,-13.498681,-489.3316,236.04727,-13.498681,-489.3316,236.04727,725.3789,-13.498681,male
[2685.1307182],0.063996874,0.34457147,0.11124321073293686,0.6500414609909058,0.5387982502579689,-0.9621523,0.0013735618,0.0013735618,2253.2711663277446,-13.479291,-493.36908,223.66843,-13.479291,-493.36908,223.66843,717.0375,-13.479291,male
[3334.433648],0.03129516,0.53992987,0.3133527562022209,0.7567289918661118,0.44337623566389084,-0.9504636,0.003936736,0.003936736,3033.9954895001842,-16.159975,-505.8942,248.31516,-16.159975,-505.8942,248.31516,754.20935,-16.159975,male
[2547.28953428],0.06324237,0.32568356,0.1112415362149477,0.6492337882518768,0.5379922520369291,-0.98038584,0.0010849994,0.0010849994,2231.326163381615,-12.930764,-515.7442,233.17166,-12.930764,-515.7442,233.17166,748.9159,-12.930764,male
[2849.06192906],0.051499546,0.4444039,0.1847948096692562,0.7052306234836578,0.5204358138144016,-1.0697819,0.0025710966,0.0025710966,2712.4271581292483,-14.240544,-505.33835,256.3551,-14.240544,-505.33835,256.3551,761.6935,-14.240544,male
[2830.84022551],0.06109312,0.38986617,0.16115831583738327,0.6732304394245148,0.5120721235871315,-0.9723025,0.0024654227,0.0024654227,2718.3668425052747,-12.937678,-505.16373,239.30893,-12.937678,-505.16373,239.30893,744.47266,-12.937678,male
[3042.32955337],0.04846284,0.4267388,0.1762397401034832,0.6947056651115417,0.5184659250080585,-1.0736895,0.0026460094,0.0026460094,2879.72101615452,-14.787118,-500.19406,237.84958,-14.787118,-500.19406,237.84958,738.04364,-14.787118,male
[3102.69523922],0.043403335,0.43871152,0.19892070442438126,0.7045291811227798,0.5056084766983986,-1.0466808,0.002339727,0.002339727,2768.34593029781,-15.1259575,-507.53912,242.95357,-15.1259575,-507.53912,242.95357,750.4927,-15.1259575,male
[3040.41798178],0.050959177,0.42693472,0.19509008154273033,0.7049731761217117,0.5098830945789814,-1.0477543,0.0035399261,0.0035399261,3016.7277796285193,-13.611971,-498.23495,236.27072,-13.611971,-498.23495,236.27072,734.5057,-13.611971,male
[2527.81289729],0.07174866,0.30734304,0.10991784557700157,0.6189516931772232,0.5090338476002216,-0.7304279,0.00090354873,0.00090354873,2181.2150428951254,-12.233339,-503.57184,236.86133,-12.233339,-503.57184,236.86133,740.43317,-12.233339,male
[2964.08686157],0.04586719,0.4393096,0.1930086351931095,0.7000310271978378,0.5070223920047283,-1.0313945,0.0029995937,0.0029995937,2665.965033988712,-13.946496,-519.35474,244.71698,-13.946496,-519.35474,244.71698,764.0717,-13.946496,male
[2836.04488541],0.056837536,0.42475295,0.17593518644571304,0.6992758214473724,0.5233406350016594,-1.0380193,0.0019651481,0.0019651481,2567.9240759332247,-13.511938,-501.0765,255.06148,-13.511938,-501.0765,255.06148,756.138,-13.511938,male
[2744.80230394],0.054418072,0.39732844,0.15802399069070816,0.6802059710025787,0.5221819803118706,-0.92055315,0.00276644,0.00276644,2662.5453738244155,-12.841756,-512.92584,247.0393,-12.841756,-512.92584,247.0393,759.96515,-12.841756,male
[2731.52462608],0.05378314,0.33717558,0.15479328110814095,0.6262825131416321,0.47148923203349113,-0.77176553,0.0014278431,0.0014278431,2794.507698839447,-12.100933,-510.0193,265.0796,-12.100933,-510.0193,265.0796,775.0989,-12.100933,male
[2658.85226421],0.0663251,0.3580153,0.13450488075613976,0.6552732586860657,0.5207683779299259,-0.9043825,0.0018775896,0.0018775896,2380.7057837418033,-11.73,-495.53036,239.31393,-11.73,-495.53036,239.31393,734.8443,-11.73,male
[2423.72450982],0.07901213,0.32323173,0.12094814330339432,0.6297794878482819,0.5088313445448875,-0.75542444,0.0010855366,0.0010855366,2108.6072482183754,-10.889329,-494.87625,245.41948,-10.889329,-494.87625,245.41948,740.2957,-10.889329,male
[2684.89590554],0.05966038,0.3516495,0.14626280590891838,0.6285739094018936,0.48231110349297523,-0.8114446,0.00089875906,0.00089875906,2486.151915386788,-11.370979,-460.43542,239.33743,-11.370979,-460.43542,239.33743,699.7728,-11.370979,male
[2469.62184343],0.06308408,0.3593614,0.15481417253613472,0.6362952291965485,0.48148105666041374,-0.86030096,0.0006000955,0.0006000955,2278.8042247515446,-12.41195,-466.27838,225.94034,-12.41195,-466.27838,225.94034,692.21875,-12.41195,male
[2463.16495669],0.07184764,0.3340243,0.13424309715628624,0.6192380636930466,0.48499496653676033,-0.79643756,0.0005502761,0.0005502761,2415.3361276489377,-12.018536,-433.27267,226.49315,-12.018536,-433.27267,226.49315,659.7658,-12.018536,male
[3104.69908748],0.05285153,0.4034208,0.15320748090744019,0.6847648024559021,0.5315573215484619,-1.0333682,0.0037409347,0.0037409347,3194.430786014493,-13.721621,-498.84467,233.96788,-13.721621,-498.84467,233.96788,732.81256,-13.721621,male
[3038.02732717],0.08022918,0.45588687,0.2599920332431793,0.6856206804513931,0.4256286472082138,-0.85054755,0.000766076,0.000766076,2994.2540371262853,-8.460976,-402.37762,203.06595,-8.460976,-402.37762,203.06595,605.4436,-8.460976,male
[2984.92532751],0.074142314,0.60208285,0.4623797535896301,0.7740581035614014,0.31167834997177124,-0.60698014,0.0018579724,0.0018579724,2677.5692017984393,-0.6556653,-695.0978,203.14319,-0.6556653,-695.0978,203.14319,898.24097,-0.6556653,male
[2894.89265467],0.0476153,0.32737696,0.13022347539663315,0.6278139799833298,0.4975905045866966,-0.7518687,0.00090558856,0.00090558856,2373.891094043535,-13.550379,-460.05695,220.0727,-13.550379,-460.05695,220.0727,680.12964,-13.550379,male
[2771.23885518],0.058896102,0.3254435,0.12489011697471142,0.6206452399492264,0.49575512297451496,-0.6706688,0.0015183593,0.0015183593,2591.62382623148,-13.696102,-492.72266,235.69965,-13.696102,-492.72266,235.69965,728.4223,-13.696102,male
[2727.25021471],0.062931895,0.28447288,0.1089404933154583,0.5887271761894226,0.4797866828739643,-0.58131546,0.0012493413,0.0012493413,2602.351552103416,-12.71545,-483.35925,232.08466,-12.71545,-483.35925,232.08466,715.4439,-12.71545,male
[2706.5277773],0.05402652,0.41554058,0.17789865285158157,0.6962798535823822,0.5183812007308006,-1.0701486,0.0016142506,0.0016142506,2302.542602717797,-12.711051,-508.1547,242.25528,-12.711051,-508.1547,242.25528,750.41,-12.711051,male
[2758.91629654],0.08570235,0.27504998,0.07574895024299622,0.5948721319437027,0.5191231817007065,-0.65629363,0.0013949276,0.0013949276,2740.7431532568826,-11.769564,-486.94974,254.71886,-11.769564,-486.94974,254.71886,741.6686,-11.769564,male
[2400.52640991],0.07577679,0.25156474,0.0930222887545824,0.5367458164691925,0.4437235277146101,-0.42356005,0.00057541404,0.00057541404,2431.667591622209,-11.942383,-478.3195,228.7434,-11.942383,-478.3195,228.7434,707.06287,-11.942383,male
[2890.30037801],0.048113145,0.38021526,0.19317740201950073,0.6476341784000397,0.45445677638053894,-0.68535095,0.001633198,0.001633198,2722.204887274711,-11.889313,-485.2005,232.7299,-11.889313,-485.2005,232.7299,717.9304,-11.889313,male
[2399.09284595],0.0854681,0.27069604,0.08840330876410007,0.5751385986804962,0.48673528991639614,-0.6317124,0.00057317555,0.00057317555,2349.803884436354,-10.969875,-465.1208,236.92114,-10.969875,-465.1208,236.92114,702.04193,-10.969875,male
